area,name,level,country,oecd_archetype,archetype_name,residents,pharmacy_locations_today,residents_per_location,mean_travel_min_today,cross_lambda_eur_linear,w_cross_linear,crossing_locations_linear,crossing_travel_change_pct_linear,crossing_locations_change_pct_linear,s1_travel_change_pct_linear,s2_locations_change_pct_linear,cross_lambda_eur_logistic,w_cross_logistic,crossing_locations_logistic,crossing_cost_change_pct_logistic,crossing_locations_change_pct_logistic,s1_cost_change_pct_logistic,s2_locations_change_pct_logistic
Netherlands,Netherlands,country,Netherlands,3,Public-interest majoritarian,17458918,1615,10810,3.48,28969,0.28969,1386,-10.9,-14.2,-21.1,-27.4,286,0.002856,1324,-4.4,-18.0,-8.3,-34.1
Luxembourg,Luxembourg,country,Luxembourg,1,Rule-of-law–anchored,634428,86,7377,3.79,18914,0.18914,72,-10.6,-15.8,-20.1,-29.9,193,0.001928,70,-4.5,-18.8,-8.3,-35.1
Estonia,Estonia,country,Estonia,2,Consensual-pluralist,1318039,292,4514,4.51,14518,0.14518,242,-12.2,-17.1,-23.1,-32.3,209,0.002094,226,-7.8,-22.6,-14.3,-41.4
Latvia,Latvia,country,Latvia,1,Rule-of-law–anchored,1892141,496,3815,3.96,11136,0.11136,419,-11.4,-15.5,-21.4,-29.1,142,0.001422,397,-6.2,-20.0,-11.4,-36.8
Slovenia,Slovenia,country,Slovenia,1,Rule-of-law–anchored,2100732,306,6865,5.58,20881,0.20881,263,-7.6,-14.2,-14.4,-26.8,262,0.002622,253,-4.9,-17.3,-9.2,-32.4
Lithuania,Lithuania,country,Lithuania,3,Public-interest majoritarian,2806221,582,4822,4.39,14695,0.14695,473,-13.0,-18.8,-24.4,-35.2,206,0.002055,432,-8.4,-25.9,-15.0,-46.2
Ireland,Ireland,country,Ireland,3,Public-interest majoritarian,4997246,862,5797,4.71,17438,0.17438,740,-9.0,-14.2,-17.2,-27.2,204,0.002039,703,-5.1,-18.4,-9.6,-34.5
Norway,Norway,country,Norway,3,Public-interest majoritarian,5110056,755,6768,7.99,31992,0.31992,576,-14.3,-23.7,-26.0,-43.2,493,0.004932,553,-11.1,-26.8,-19.8,-47.6
Denmark,Denmark,country,Denmark,2,Consensual-pluralist,5754638,466,12349,6.52,44662,0.44662,396,-8.3,-15.0,-15.8,-28.6,618,0.006179,377,-6.3,-19.2,-11.8,-35.7
Austria,Austria,country,Austria,1,Rule-of-law–anchored,8931545,1129,7911,4.82,23958,0.23958,931,-11.0,-17.5,-20.7,-33.1,305,0.003054,854,-7.4,-24.4,-13.4,-43.9
Portugal,Portugal,country,Portugal,1,Rule-of-law–anchored,9850585,1882,5234,3.47,13147,0.13147,1580,-11.7,-16.0,-22.1,-30.3,146,0.001462,1548,-4.5,-17.8,-8.4,-33.1
Czechia,Czechia,country,Czechia,3,Public-interest majoritarian,10491163,1624,6460,4.23,18282,0.18282,1367,-10.5,-15.8,-20.0,-30.0,207,0.002070,1309,-5.2,-19.4,-9.7,-36.2
Belgium,Belgium,country,Belgium,1,Rule-of-law–anchored,11531261,2958,3898,1.87,6481,0.06481,2690,-8.1,-9.1,-15.6,-17.6,58,0.000578,2673,-1.6,-9.6,-3.0,-18.7
Hungary,Hungary,country,Hungary,1,Rule-of-law–anchored,9649010,1864,5177,3.61,14204,0.14204,1612,-10.2,-13.5,-19.5,-25.8,159,0.001586,1557,-4.4,-16.5,-8.5,-31.4
Finland,Finland,country,Finland,2,Consensual-pluralist,5480077,719,7622,6.40,26625,0.26625,626,-7.0,-12.9,-13.5,-24.7,348,0.003479,619,-4.2,-13.9,-8.0,-26.2
France,France,country (NUTS-1 aggregate),France,,,65239910,13408,4866,3.29,11714,0.11714,11939,-8.1,-11.0,-15.6,-21.2,127,0.001273,11637,-3.2,-13.2,-6.1,-25.2
Italy,Italy,country (NUTS-1 aggregate),Italy,,,58627470,14195,4130,2.19,9026,0.09026,12376,-12.7,-12.8,-24.4,-24.6,88,0.000875,12354,-2.9,-13.0,-5.5,-24.5
Sweden,Sweden,country (NUTS-1 aggregate),Sweden,,,10209772,1085,9410,7.07,39325,0.39325,863,-12.1,-20.5,-22.8,-38.5,545,0.005455,827,-8.6,-23.8,-15.6,-43.2
Poland,Poland,country (NUTS-1 aggregate),Poland,1,Rule-of-law–anchored,37063554,7026,5275,3.61,12790,0.12790,6040,-9.4,-14.0,-18.0,-26.9,144,0.001437,5825,-4.2,-17.1,-7.7,-31.8
FR1,Île-de-France,NUTS-1,France,1,Rule-of-law–anchored,12313139,1449,8498,1.03,13940,0.13940,1336,-12.5,-7.8,-24.0,-15.1,129,0.001287,1326,-1.5,-8.5,-2.9,-16.4
FRB,Centre-Val de Loire,NUTS-1,France,1,Rule-of-law–anchored,2575086,613,4201,4.36,11649,0.11649,546,-7.0,-10.9,-13.6,-21.2,133,0.001330,529,-3.6,-13.7,-6.9,-26.0
FRC,Bourgogne-Franche-Comté,NUTS-1,France,1,Rule-of-law–anchored,2799080,723,3871,4.78,11310,0.11310,644,-6.8,-11.0,-13.1,-21.4,135,0.001348,620,-4.0,-14.3,-7.5,-27.2
FRD,Normandie,NUTS-1,France,1,Rule-of-law–anchored,3294647,678,4859,4.31,13112,0.13112,604,-6.8,-10.9,-13.3,-21.3,145,0.001455,586,-3.4,-13.5,-6.5,-25.7
FRE,Hauts-de-France,NUTS-1,France,1,Rule-of-law–anchored,5984218,1333,4489,2.92,10212,0.10212,1202,-7.7,-9.8,-14.9,-19.1,104,0.001035,1173,-2.7,-12.0,-5.2,-23.1
FRF,Grand Est,NUTS-1,France,1,Rule-of-law–anchored,5559693,1167,4764,3.85,12660,0.12660,1040,-7.5,-10.9,-14.6,-21.2,139,0.001386,1005,-3.5,-13.9,-6.7,-26.5
FRG,Pays de la Loire,NUTS-1,France,1,Rule-of-law–anchored,3835076,850,4512,3.98,12411,0.12411,761,-7.2,-10.4,-14.1,-20.3,134,0.001342,744,-3.2,-12.5,-6.3,-24.1
FRH,Bretagne,NUTS-1,France,1,Rule-of-law–anchored,3338191,792,4215,4.30,12079,0.12079,697,-7.8,-12.0,-15.6,-23.8,133,0.001326,681,-3.7,-14.0,-7.0,-26.5
FRI,Nouvelle-Aquitaine,NUTS-1,France,1,Rule-of-law–anchored,6048666,1583,3821,4.44,10535,0.10535,1395,-7.3,-11.8,-14.2,-23.0,120,0.001201,1363,-3.6,-13.9,-7.0,-27.0
FRJ,Occitanie,NUTS-1,France,1,Rule-of-law–anchored,6010192,1424,4221,3.90,11327,0.11327,1262,-7.8,-11.4,-15.2,-22.1,127,0.001271,1226,-3.6,-13.9,-6.9,-26.4
FRK,Auvergne-Rhône-Alpes,NUTS-1,France,1,Rule-of-law–anchored,8113026,1685,4815,3.62,11777,0.11777,1497,-7.6,-11.2,-14.6,-21.5,134,0.001335,1455,-3.4,-13.7,-6.4,-26.1
FRL,Provence-Alpes-Côte d'Azur,NUTS-1,France,1,Rule-of-law–anchored,5037178,1024,4919,2.61,11912,0.11912,903,-10.9,-11.8,-21.6,-23.5,124,0.001244,877,-3.5,-14.3,-6.8,-27.9
FRM,Corse,NUTS-1,France,1,Rule-of-law–anchored,331717,87,3813,5.12,12685,0.12685,73,-9.9,-15.5,-18.9,-29.6,182,0.001820,71,-6.4,-18.5,-12.0,-34.8
ITC,Nord-Ovest,NUTS-1,Italy,1,Rule-of-law–anchored,15820599,3875,4083,1.89,8386,0.08386,3404,-13.1,-12.2,-25.7,-24.0,77,0.000774,3399,-2.5,-12.3,-4.8,-23.5
ITF,Sud,NUTS-1,Italy,1,Rule-of-law–anchored,13317109,3187,4179,2.02,9178,0.09179,2756,-14.7,-13.5,-27.8,-25.7,91,0.000909,2766,-3.0,-13.2,-5.8,-25.4
ITG,Isole,NUTS-1,Italy,1,Rule-of-law–anchored,6279660,1431,4388,2.01,10255,0.10255,1242,-15.5,-13.2,-29.3,-25.1,101,0.001014,1236,-3.3,-13.7,-6.3,-25.6
ITH,Nord-Est,NUTS-1,Italy,1,Rule-of-law–anchored,11518414,2993,3848,2.78,9042,0.09042,2624,-10.4,-12.3,-20.0,-23.8,89,0.000890,2606,-2.9,-12.9,-5.6,-24.8
ITI,Centro,NUTS-1,Italy,1,Rule-of-law–anchored,11691689,2709,4316,2.32,9286,0.09285,2365,-11.8,-12.7,-22.6,-24.3,92,0.000916,2357,-2.8,-13.0,-5.4,-24.7
SE1,Östra Sverige,NUTS-1,Sweden,3,Public-interest majoritarian,4072100,387,10522,5.72,39083,0.39083,300,-14.2,-22.4,-27.2,-43.0,478,0.004781,283,-8.6,-26.8,-15.6,-48.8
SE2,Södra Sverige,NUTS-1,Sweden,3,Public-interest majoritarian,4403578,452,9742,7.36,41546,0.41546,359,-11.8,-20.5,-22.0,-38.4,579,0.005786,347,-8.5,-23.2,-15.6,-42.5
SE3,Norra Sverige,NUTS-1,Sweden,3,Public-interest majoritarian,1734093,246,7049,9.48,37624,0.37624,204,-9.6,-17.1,-17.8,-31.8,626,0.006262,199,-8.3,-19.2,-15.4,-35.4
PL2,Południowy,NUTS-1,Poland,1,Rule-of-law–anchored,7638131,1442,5297,3.21,12297,0.12297,1227,-10.6,-14.9,-20.7,-29.1,127,0.001271,1199,-3.8,-16.9,-7.2,-32.1
PL4,Północno-Zachodni,NUTS-1,Poland,1,Rule-of-law–anchored,6028979,1200,5024,3.57,12138,0.12138,1051,-8.3,-12.4,-16.4,-24.5,137,0.001369,1005,-3.9,-16.2,-7.4,-30.5
PL5,Południowo-Zachodni,NUTS-1,Poland,1,Rule-of-law–anchored,3742403,688,5440,3.41,12999,0.12999,594,-9.5,-13.7,-18.2,-26.1,141,0.001413,571,-4.1,-16.9,-7.6,-31.7
PL6,Północny,NUTS-1,Poland,1,Rule-of-law–anchored,5579176,1023,5454,3.78,14084,0.14084,881,-9.6,-13.9,-18.1,-26.2,168,0.001683,853,-4.4,-16.6,-8.4,-31.7
PL7,Centralny,NUTS-1,Poland,1,Rule-of-law–anchored,3535876,675,5238,3.84,12466,0.12466,586,-8.1,-13.1,-15.5,-25.0,141,0.001410,565,-3.8,-16.3,-7.2,-30.4
PL8,Wschodni,NUTS-1,Poland,1,Rule-of-law–anchored,5057001,1065,4748,4.53,13053,0.13053,901,-9.3,-15.4,-17.6,-29.1,154,0.001537,871,-4.8,-18.3,-9.1,-34.1
PL9,Mazowiecki,NUTS-1,Poland,1,Rule-of-law–anchored,5481989,933,5876,3.20,13447,0.13447,806,-9.7,-13.6,-18.5,-25.9,149,0.001493,781,-3.8,-16.3,-7.2,-30.5
